Date,Open,High,Low,Close,Change (Pips),Change (%)
"Nov 30, 2020 0:00",1.19597,1.19904,1.19597,1.19867,27,0.0023
"Nov 27, 2020 0:00",1.19123,1.1963,1.19063,1.19603,48,0.004
"Nov 26, 2020 0:00",1.19162,1.19411,1.18854,1.19131,-3.1,-0.03%
"Nov 25, 2020 0:00",1.18889,1.19298,1.18819,1.19138,24.9,0.0021
"Nov 24, 2020 0:00",1.18403,1.18959,1.18348,1.18925,52.2,0.0044
"Nov 23, 2020 0:00",1.18499,1.19061,1.18001,1.18411,-8.8,-0.07%
"Nov 20, 2020 0:00",1.18744,1.18911,1.18499,1.18595,-14.9,-0.13%
"Nov 19, 2020 0:00",1.18528,1.18825,1.18162,1.18733,20.5,0.0017
"Nov 18, 2020 0:00",1.18615,1.18911,1.18493,1.18543,-7.2,-0.06%
"Nov 17, 2020 0:00",1.18505,1.18941,1.18428,1.18612,10.7,0.0009
"Nov 16, 2020 0:00",1.18396,1.18688,1.1814,1.18536,14,0.0012
"Nov 13, 2020 0:00",1.18043,1.18374,1.17989,1.18328,28.5,0.0024
"Nov 12, 2020 0:00",1.17769,1.18233,1.17588,1.18056,28.7,0.0024
"Nov 11, 2020 0:00",1.18124,1.18324,1.17452,1.17785,-33.9,-0.29%
"Nov 10, 2020 0:00",1.18125,1.1843,1.17794,1.18169,4.4,0.0004
"Nov 09, 2020 0:00",1.1889,1.19198,1.1795,1.18132,-75.8,-0.64%
"Nov 06, 2020 0:00",1.18252,1.18908,1.17951,1.18748,49.6,0.0042
"Nov 05, 2020 0:00",1.17245,1.186,1.1711,1.1827,102.5,0.0087
"Nov 04, 2020 0:00",1.17129,1.17714,1.16029,1.17231,10.2,0.0009
"Nov 03, 2020 0:00",1.16404,1.17397,1.1623,1.172,79.6,0.0068
"Nov 02, 2020 0:00",1.16462,1.16557,1.16221,1.164,-6.2,-0.05%
"Oct 30, 2020 0:00",1.16737,1.17042,1.16399,1.16464,-27.3,-0.23%
"Oct 29, 2020 0:00",1.17458,1.17588,1.16502,1.16729,-72.9,-0.62%
"Oct 28, 2020 0:00",1.17944,1.17968,1.17176,1.17459,-48.5,-0.41%
"Oct 27, 2020 0:00",1.18075,1.18385,1.17922,1.1795,-12.5,-0.11%
"Oct 26, 2020 0:00",1.18532,1.18591,1.1803,1.18088,-44.4,-0.38%
"Oct 23, 2020 0:00",1.18168,1.18646,1.17865,1.18596,42.8,0.0036
"Oct 22, 2020 0:00",1.18618,1.18669,1.18115,1.18186,-43.2,-0.37%
"Oct 21, 2020 0:00",1.18203,1.1881,1.18203,1.18613,41,0.0035
"Oct 20, 2020 0:00",1.1768,1.18407,1.17598,1.18221,54.1,0.0046
"Oct 19, 2020 0:00",1.17156,1.1794,1.17032,1.1771,55.4,0.0047
"Oct 16, 2020 0:00",1.17072,1.17464,1.16941,1.17167,9.5,0.0008
"Oct 15, 2020 0:00",1.17448,1.17577,1.16883,1.17072,-37.6,-0.32%
"Oct 14, 2020 0:00",1.17444,1.17712,1.17201,1.1746,1.6,0.0001
"Oct 13, 2020 0:00",1.18131,1.18151,1.17301,1.17452,-67.9,-0.58%
"Oct 12, 2020 0:00",1.18075,1.18264,1.17865,1.18115,4,0.0003
"Oct 09, 2020 0:00",1.17579,1.18308,1.17528,1.18292,71.3,0.006
"Oct 08, 2020 0:00",1.17601,1.17816,1.17328,1.17599,-0.2,0
"Oct 07, 2020 0:00",1.1733,1.17817,1.17248,1.17627,29.7,0.0025
"Oct 06, 2020 0:00",1.17805,1.18075,1.17316,1.17332,-47.3,-0.40%
"Oct 05, 2020 0:00",1.17106,1.17974,1.1705,1.17843,73.7,0.0063
"Oct 02, 2020 0:00",1.17475,1.17489,1.16954,1.17163,-31.2,-0.27%
"Oct 01, 2020 0:00",1.1719,1.17694,1.17169,1.17452,26.2,0.0022
"Sep 30, 2020 0:00",1.17415,1.17551,1.16848,1.1721,-20.5,-0.17%
"Sep 29, 2020 0:00",1.16617,1.17456,1.16607,1.17433,81.6,0.0069
"Sep 28, 2020 0:00",1.16153,1.16802,1.1615,1.16664,51.1,0.0044
"Sep 25, 2020 0:00",1.1672,1.16851,1.16122,1.16291,-42.9,-0.37%
"Sep 24, 2020 0:00",1.16598,1.16871,1.16266,1.16685,8.7,0.0007
"Sep 23, 2020 0:00",1.17065,1.17188,1.16511,1.16598,-46.7,-0.40%
"Sep 22, 2020 0:00",1.17708,1.17735,1.16917,1.17044,-66.4,-0.57%
"Sep 21, 2020 0:00",1.18408,1.18714,1.17314,1.17712,-69.6,-0.59%
"Sep 18, 2020 0:00",1.18477,1.18707,1.18264,1.18418,-5.9,-0.05%
"Sep 17, 2020 0:00",1.18136,1.18521,1.1737,1.18474,33.8,0.0029
"Sep 16, 2020 0:00",1.18464,1.18824,1.17873,1.18159,-30.5,-0.26%
"Sep 15, 2020 0:00",1.1863,1.19004,1.18393,1.18463,-16.7,-0.14%
"Sep 14, 2020 0:00",1.1833,1.18881,1.18321,1.18639,30.9,0.0026
"Sep 11, 2020 0:00",1.18129,1.18738,1.18055,1.18458,32.9,0.0028
"Sep 10, 2020 0:00",1.17976,1.19177,1.17972,1.18148,17.2,0.0015
"Sep 09, 2020 0:00",1.1773,1.18338,1.17525,1.18025,29.5,0.0025
"Sep 08, 2020 0:00",1.18118,1.18275,1.17654,1.17737,-38.1,-0.32%
"Sep 07, 2020 0:00",1.1845,1.18489,1.18118,1.18129,-32.1,-0.27%
"Sep 04, 2020 0:00",1.1851,1.18652,1.17804,1.18392,-11.8,-0.10%
"Sep 03, 2020 0:00",1.18544,1.18646,1.1789,1.18514,-3,-0.03%
"Sep 02, 2020 0:00",1.19102,1.19286,1.18219,1.1854,-56.2,-0.47%
"Sep 01, 2020 0:00",1.19361,1.20115,1.19014,1.19117,-24.4,-0.20%
"Aug 31, 2020 0:00",1.18935,1.19659,1.18838,1.1936,42.5,0.0036
"Aug 28, 2020 0:00",1.18194,1.19197,1.18109,1.19062,86.8,0.0073
"Aug 27, 2020 0:00",1.18277,1.1902,1.1762,1.18214,-6.3,-0.05%
"Aug 26, 2020 0:00",1.18342,1.18394,1.17724,1.18303,-3.9,-0.03%
"Aug 25, 2020 0:00",1.17874,1.18438,1.17843,1.18338,46.4,0.0039
"Aug 24, 2020 0:00",1.17892,1.18497,1.17843,1.17873,-1.9,-0.02%
"Aug 21, 2020 0:00",1.18591,1.1883,1.17543,1.17965,-62.6,-0.53%
"Aug 20, 2020 0:00",1.18358,1.18688,1.18022,1.18613,25.5,0.0021
"Aug 19, 2020 0:00",1.1931,1.19527,1.18303,1.18392,-91.8,-0.78%
"Aug 18, 2020 0:00",1.18666,1.19657,1.18611,1.19313,64.7,0.0054
"Aug 17, 2020 0:00",1.18386,1.18808,1.18279,1.18699,31.3,0.0026
"Aug 14, 2020 0:00",1.18122,1.18501,1.17814,1.18411,28.9,0.0024
"Aug 13, 2020 0:00",1.17796,1.1864,1.17774,1.18143,34.7,0.0029
"Aug 12, 2020 0:00",1.17396,1.18169,1.17109,1.17851,45.5,0.0039
"Aug 11, 2020 0:00",1.17367,1.18082,1.17222,1.17396,2.9,0.0002
"Aug 10, 2020 0:00",1.17866,1.18006,1.17359,1.17364,-50.2,-0.43%
"Aug 07, 2020 0:00",1.18761,1.1883,1.17552,1.17854,-90.7,-0.77%
"Aug 06, 2020 0:00",1.1863,1.19162,1.18179,1.18768,13.8,0.0012
"Aug 05, 2020 0:00",1.17981,1.19049,1.17919,1.1864,65.9,0.0056
"Aug 04, 2020 0:00",1.17619,1.18065,1.17215,1.18029,41,0.0035
"Aug 03, 2020 0:00",1.17707,1.17966,1.16958,1.17626,-8.1,-0.07%
"Jul 31, 2020 0:00",1.18454,1.19089,1.17615,1.1772,-73.4,-0.62%
"Jul 30, 2020 0:00",1.17839,1.18486,1.17311,1.1847,63.1,0.0053
"Jul 29, 2020 0:00",1.17096,1.18064,1.17096,1.17901,80.5,0.0068
"Jul 28, 2020 0:00",1.1751,1.17734,1.16984,1.17165,-34.5,-0.29%
"Jul 27, 2020 0:00",1.16419,1.17816,1.16405,1.17514,109.5,0.0093
"Jul 24, 2020 0:00",1.15958,1.16581,1.15813,1.16551,59.3,0.0051
"Jul 23, 2020 0:00",1.15695,1.16269,1.15404,1.15972,27.7,0.0024
"Jul 22, 2020 0:00",1.15263,1.16016,1.15071,1.15701,43.8,0.0038
"Jul 21, 2020 0:00",1.14467,1.15396,1.14229,1.15283,81.6,0.0071
"Jul 20, 2020 0:00",1.14077,1.14675,1.14021,1.14472,39.5,0.0035
"Jul 17, 2020 0:00",1.13833,1.14438,1.13749,1.14259,42.6,0.0037
"Jul 16, 2020 0:00",1.14068,1.14421,1.13706,1.13823,-24.5,-0.22%
"Jul 15, 2020 0:00",1.13987,1.14518,1.1389,1.14111,12.4,0.0011
"Jul 14, 2020 0:00",1.13398,1.14089,1.13252,1.13999,60.1,0.0053
"Jul 13, 2020 0:00",1.13014,1.13746,1.13006,1.13424,41,0.0036
"Jul 10, 2020 0:00",1.12809,1.13247,1.12549,1.12966,15.7,0.0014
"Jul 09, 2020 0:00",1.13292,1.13704,1.12799,1.12844,-44.8,-0.40%
"Jul 08, 2020 0:00",1.12723,1.13517,1.12617,1.13295,57.2,0.005
"Jul 07, 2020 0:00",1.13089,1.13327,1.1259,1.12743,-34.6,-0.31%
"Jul 06, 2020 0:00",1.12394,1.13455,1.12394,1.13086,69.2,0.0061
"Jul 03, 2020 0:00",1.12388,1.12511,1.1219,1.12449,6.1,0.0005
"Jul 02, 2020 0:00",1.12506,1.13028,1.12235,1.12397,-10.9,-0.10%
"Jul 01, 2020 0:00",1.12338,1.12752,1.1185,1.12511,17.3,0.0015
"Jun 30, 2020 0:00",1.1241,1.12616,1.11907,1.12332,-7.8,-0.07%
"Jun 29, 2020 0:00",1.1211,1.1288,1.1211,1.12426,31.6,0.0028
"Jun 26, 2020 0:00",1.12172,1.12395,1.11954,1.1218,0.8,0.0001
"Jun 25, 2020 0:00",1.12501,1.12597,1.11903,1.12179,-32.2,-0.29%
"Jun 24, 2020 0:00",1.13072,1.13256,1.12481,1.12497,-57.5,-0.51%
"Jun 23, 2020 0:00",1.12575,1.13484,1.1233,1.13085,51,0.0045
"Jun 22, 2020 0:00",1.11821,1.12698,1.11686,1.12612,79.1,0.007
"Jun 19, 2020 0:00",1.12054,1.12544,1.11682,1.11766,-28.8,-0.26%
"Jun 18, 2020 0:00",1.12435,1.12611,1.11852,1.12043,-39.2,-0.35%
"Jun 17, 2020 0:00",1.12625,1.12938,1.12068,1.12428,-19.7,-0.18%
"Jun 16, 2020 0:00",1.13234,1.13532,1.12277,1.12633,-60.1,-0.53%
"Jun 15, 2020 0:00",1.12326,1.13323,1.12263,1.13225,89.9,0.0079
"Jun 12, 2020 0:00",1.12986,1.13406,1.12126,1.12606,-38,-0.34%
"Jun 11, 2020 0:00",1.13724,1.14036,1.12887,1.12978,-74.6,-0.66%
"Jun 10, 2020 0:00",1.13393,1.14223,1.13223,1.13755,36.2,0.0032
"Jun 09, 2020 0:00",1.12941,1.1364,1.12412,1.13383,44.2,0.0039
"Jun 08, 2020 0:00",1.1292,1.13197,1.12681,1.12936,1.6,0.0001
"Jun 05, 2020 0:00",1.1337,1.13839,1.12786,1.12876,-49.4,-0.44%
"Jun 04, 2020 0:00",1.12324,1.13622,1.11946,1.13352,102.8,0.0091
"Jun 03, 2020 0:00",1.1168,1.12577,1.11666,1.12334,65.4,0.0058
"Jun 02, 2020 0:00",1.11354,1.11959,1.11151,1.11688,33.4,0.003
"Jun 01, 2020 0:00",1.11136,1.11541,1.11005,1.11338,20.2,0.0018
"May 29, 2020 0:00",1.10762,1.11449,1.10649,1.11073,31.1,0.0028
"May 28, 2020 0:00",1.10032,1.10933,1.09914,1.10768,73.6,0.0066
"May 27, 2020 0:00",1.09811,1.1031,1.09339,1.10092,28.1,0.0026
"May 26, 2020 0:00",1.08949,1.0996,1.08927,1.09825,87.6,0.008
"May 25, 2020 0:00",1.08924,1.09142,1.08703,1.08965,4.1,0.0004
"May 22, 2020 0:00",1.0946,1.09536,1.08852,1.09023,-43.7,-0.40%
"May 21, 2020 0:00",1.09788,1.10081,1.0937,1.0949,-29.8,-0.27%
"May 20, 2020 0:00",1.09216,1.09992,1.09188,1.09787,57.1,0.0052
"May 19, 2020 0:00",1.09138,1.09761,1.09021,1.09229,9.1,0.0008
"May 18, 2020 0:00",1.08078,1.09271,1.07997,1.09142,106.4,0.0097
"May 15, 2020 0:00",1.08039,1.08513,1.07891,1.08189,15,0.0014
"May 14, 2020 0:00",1.08172,1.08237,1.07747,1.0804,-13.2,-0.12%
"May 13, 2020 0:00",1.08468,1.08965,1.08116,1.08187,-28.1,-0.26%
"May 12, 2020 0:00",1.0806,1.08852,1.07844,1.08484,42.4,0.0039
"May 11, 2020 0:00",1.08204,1.08503,1.08003,1.08062,-14.2,-0.13%
"May 08, 2020 0:00",1.0833,1.08753,1.08148,1.08383,5.3,0.0005
"May 07, 2020 0:00",1.07924,1.08341,1.07664,1.08318,39.4,0.0036
"May 06, 2020 0:00",1.08373,1.0846,1.07818,1.07956,-41.7,-0.39%
"May 05, 2020 0:00",1.09046,1.0926,1.08259,1.08375,-67.1,-0.62%
"May 04, 2020 0:00",1.09658,1.09767,1.08959,1.09038,-62,-0.57%
"May 01, 2020 0:00",1.09533,1.10189,1.09344,1.09803,27,0.0025
"Apr 30, 2020 0:00",1.08707,1.09729,1.08331,1.09516,80.9,0.0074
"Apr 29, 2020 0:00",1.08186,1.08858,1.08178,1.08764,57.8,0.0053
"Apr 28, 2020 0:00",1.08243,1.08883,1.08095,1.08194,-4.9,-0.05%
"Apr 27, 2020 0:00",1.08206,1.08601,1.08112,1.08293,8.7,0.0008
"Apr 24, 2020 0:00",1.07761,1.08261,1.07272,1.08251,49,0.0045
"Apr 23, 2020 0:00",1.08224,1.08467,1.0756,1.07763,-46.1,-0.43%
"Apr 22, 2020 0:00",1.0856,1.08852,1.08032,1.08228,-33.2,-0.31%
"Apr 21, 2020 0:00",1.08599,1.08801,1.08166,1.08567,-3.2,-0.03%
"Apr 20, 2020 0:00",1.08633,1.08968,1.08413,1.08627,-0.6,-0.01%
"Apr 17, 2020 0:00",1.08383,1.08928,1.08122,1.08743,36,0.0033
"Apr 16, 2020 0:00",1.09073,1.09111,1.08166,1.08388,-68.5,-0.63%
"Apr 15, 2020 0:00",1.0977,1.09905,1.08563,1.09112,-65.8,-0.60%
"Apr 14, 2020 0:00",1.09054,1.09871,1.0898,1.0982,76.6,0.007
"Apr 13, 2020 0:00",1.09484,1.09678,1.08927,1.0909,-39.4,-0.36%
"Apr 10, 2020 0:00",1.0929,1.09527,1.09186,1.0936,7,0.0006
"Apr 09, 2020 0:00",1.0856,1.09517,1.0841,1.09296,73.6,0.0067
"Apr 08, 2020 0:00",1.08899,1.09018,1.08298,1.08543,-35.6,-0.33%
"Apr 07, 2020 0:00",1.07927,1.09267,1.07835,1.08916,98.9,0.0091
"Apr 06, 2020 0:00",1.08072,1.0835,1.0768,1.07932,-14,-0.13%
"Apr 03, 2020 0:00",1.08536,1.08645,1.07726,1.08126,-41,-0.38%
"Apr 02, 2020 0:00",1.09611,1.09678,1.08205,1.08568,-104.3,-0.96%
"Apr 01, 2020 0:00",1.10285,1.10387,1.09028,1.09624,-66.1,-0.60%
"Mar 31, 2020 0:00",1.10399,1.10533,1.09268,1.10359,-4,-0.04%
"Mar 30, 2020 0:00",1.11155,1.11442,1.10098,1.10445,-71,-0.64%
"Mar 27, 2020 0:00",1.103,1.11475,1.09533,1.1143,113,0.0101
"Mar 26, 2020 0:00",1.08821,1.10585,1.08696,1.10326,150.5,0.0136
"Mar 25, 2020 0:00",1.07873,1.08941,1.07602,1.08809,93.6,0.0086
"Mar 24, 2020 0:00",1.07203,1.08881,1.07183,1.0787,66.7,0.0062
"Mar 23, 2020 0:00",1.07004,1.08277,1.06355,1.07238,23.4,0.0022
"Mar 20, 2020 0:00",1.06905,1.08306,1.06375,1.06926,2.1,0.0002
"Mar 19, 2020 0:00",1.09123,1.0982,1.06553,1.06931,-219.2,-2.05%
"Mar 18, 2020 0:00",1.09964,1.10452,1.08016,1.09165,-79.9,-0.73%
"Mar 17, 2020 0:00",1.11796,1.11892,1.09551,1.09986,-181,-1.65%
"Mar 16, 2020 0:00",1.10631,1.12363,1.10631,1.11813,118.2,0.0106
"Mar 13, 2020 0:00",1.11843,1.12212,1.1055,1.1102,-82.3,-0.74%
"Mar 12, 2020 0:00",1.1268,1.13333,1.1055,1.11847,-83.3,-0.74%
"Mar 11, 2020 0:00",1.12798,1.13665,1.12573,1.12703,-9.5,-0.08%
"Mar 10, 2020 0:00",1.14386,1.14579,1.1275,1.12814,-157.2,-1.39%
"Mar 09, 2020 0:00",1.13465,1.14965,1.13344,1.14349,88.4,0.0077
"Mar 06, 2020 0:00",1.12366,1.13548,1.12115,1.12904,53.8,0.0048
"Mar 05, 2020 0:00",1.11323,1.12448,1.11197,1.12369,104.6,0.0093
"Mar 04, 2020 0:00",1.11719,1.11875,1.10954,1.11348,-37.1,-0.33%
"Mar 03, 2020 0:00",1.1133,1.12133,1.10951,1.11697,36.7,0.0033
"Mar 02, 2020 0:00",1.10427,1.11846,1.10365,1.11323,89.6,0.008
"Feb 28, 2020 0:00",1.09993,1.10532,1.09509,1.10295,30.2,0.0027
"Feb 27, 2020 0:00",1.08814,1.10066,1.08773,1.10001,118.7,0.0108
"Feb 26, 2020 0:00",1.08811,1.0909,1.08552,1.08804,-0.7,-0.01%
"Feb 25, 2020 0:00",1.08527,1.08904,1.08304,1.08812,28.5,0.0026
"Feb 24, 2020 0:00",1.08127,1.0872,1.08051,1.08533,40.6,0.0037
"Feb 21, 2020 0:00",1.07826,1.08634,1.07826,1.08475,64.9,0.006
"Feb 20, 2020 0:00",1.08042,1.08211,1.07777,1.07831,-21.1,-0.20%
"Feb 19, 2020 0:00",1.07906,1.08114,1.07818,1.08067,16.1,0.0015
"Feb 18, 2020 0:00",1.0835,1.08373,1.07855,1.0791,-44,-0.41%
"Feb 17, 2020 0:00",1.0837,1.0851,1.08291,1.08337,-3.3,-0.03%
"Feb 14, 2020 0:00",1.08405,1.0861,1.08271,1.08304,-10.1,-0.09%
"Feb 13, 2020 0:00",1.08731,1.08886,1.08338,1.08387,-34.4,-0.32%
"Feb 12, 2020 0:00",1.09146,1.09252,1.08651,1.08734,-41.2,-0.38%
"Feb 11, 2020 0:00",1.09108,1.0925,1.08916,1.09158,5,0.0005
"Feb 10, 2020 0:00",1.09419,1.09577,1.09078,1.09107,-31.2,-0.29%
"Feb 07, 2020 0:00",1.09826,1.09851,1.09421,1.09432,-39.4,-0.36%
"Feb 06, 2020 0:00",1.09986,1.10139,1.09646,1.09808,-17.8,-0.16%
"Feb 05, 2020 0:00",1.10441,1.1048,1.09938,1.09988,-45.3,-0.41%
"Feb 04, 2020 0:00",1.1058,1.10639,1.10327,1.10442,-13.8,-0.12%
"Feb 03, 2020 0:00",1.10929,1.10938,1.10354,1.10608,-32.1,-0.29%
"Jan 31, 2020 0:00",1.103,1.10956,1.10171,1.1095,65,0.0059
"Jan 30, 2020 0:00",1.10093,1.10395,1.10047,1.10314,22.1,0.002
"Jan 29, 2020 0:00",1.10222,1.10278,1.09925,1.10103,-11.9,-0.11%
"Jan 28, 2020 0:00",1.10181,1.10252,1.09977,1.10214,3.3,0.0003
"Jan 27, 2020 0:00",1.10299,1.10374,1.10095,1.10191,-10.8,-0.10%
"Jan 24, 2020 0:00",1.1053,1.10617,1.102,1.1026,-27,-0.24%
"Jan 23, 2020 0:00",1.10925,1.11087,1.10363,1.10577,-34.8,-0.31%
"Jan 22, 2020 0:00",1.10817,1.10984,1.10702,1.10944,12.7,0.0011
"Jan 21, 2020 0:00",1.10935,1.11177,1.10806,1.10815,-12,-0.11%
"Jan 20, 2020 0:00",1.10897,1.11022,1.10766,1.10948,5.1,0.0005
"Jan 17, 2020 0:00",1.11359,1.11424,1.10862,1.10894,-46.5,-0.42%
"Jan 16, 2020 0:00",1.11494,1.1173,1.11281,1.11359,-13.5,-0.12%
"Jan 15, 2020 0:00",1.11274,1.11634,1.11185,1.11496,22.2,0.002
"Jan 14, 2020 0:00",1.11336,1.11444,1.11042,1.11263,-7.3,-0.07%
"Jan 13, 2020 0:00",1.11117,1.11471,1.11117,1.11352,23.5,0.0021
"Jan 10, 2020 0:00",1.11056,1.11291,1.10851,1.1121,15.4,0.0014
"Jan 09, 2020 0:00",1.11049,1.11201,1.10924,1.11064,1.5,0.0001
"Jan 08, 2020 0:00",1.1152,1.11684,1.11019,1.11042,-47.8,-0.43%
"Jan 07, 2020 0:00",1.11964,1.11973,1.11333,1.11515,-44.9,-0.40%
"Jan 06, 2020 0:00",1.11578,1.12056,1.11573,1.11969,39.1,0.0035
"Jan 03, 2020 0:00",1.11718,1.11801,1.11251,1.1156,-15.8,-0.14%
"Jan 02, 2020 0:00",1.12082,1.12247,1.11638,1.11727,-35.5,-0.32%
"Dec 31, 2019 0:00",1.1198,1.12394,1.11973,1.121,12,0.0011
"Dec 30, 2019 0:00",1.11705,1.12205,1.11705,1.11987,28.2,0.0025
"Dec 27, 2019 0:00",1.10975,1.11885,1.10943,1.11763,78.8,0.0071
"Dec 26, 2019 0:00",1.10905,1.11088,1.1082,1.10965,6,0.0005
"Dec 24, 2019 0:00",1.10882,1.10936,1.10689,1.1087,-1.2,-0.01%
"Dec 23, 2019 0:00",1.10777,1.10958,1.10698,1.10892,11.5,0.001
"Dec 20, 2019 0:00",1.11217,1.11248,1.10663,1.10749,-46.8,-0.42%
"Dec 19, 2019 0:00",1.11126,1.11443,1.11072,1.11201,7.5,0.0007
"Dec 18, 2019 0:00",1.11486,1.11538,1.11101,1.1113,-35.6,-0.32%
"Dec 17, 2019 0:00",1.11433,1.11748,1.11295,1.1151,7.7,0.0007
"Dec 16, 2019 0:00",1.1124,1.11579,1.11224,1.11437,19.7,0.0018
"Dec 13, 2019 0:00",1.11032,1.11997,1.11032,1.11176,14.4,0.0013
"Dec 12, 2019 0:00",1.11292,1.11543,1.11031,1.11319,2.7,0.0002
"Dec 11, 2019 0:00",1.10921,1.11448,1.10702,1.11298,37.7,0.0034
"Dec 10, 2019 0:00",1.10629,1.10974,1.10625,1.1093,30.1,0.0027
"Dec 09, 2019 0:00",1.1049,1.10781,1.1049,1.10639,14.9,0.0013
"Dec 06, 2019 0:00",1.11041,1.11098,1.10399,1.10603,-43.8,-0.40%
"Dec 05, 2019 0:00",1.10769,1.11078,1.10768,1.11037,26.8,0.0024
"Dec 04, 2019 0:00",1.10808,1.1116,1.10664,1.1077,-3.8,-0.03%
"Dec 03, 2019 0:00",1.10787,1.10936,1.10662,1.10819,3.2,0.0003
"Dec 02, 2019 0:00",1.10226,1.10906,1.10031,1.10786,56,0.0051
"Nov 29, 2019 0:00",1.1007,1.10282,1.09809,1.10198,12.8,0.0012
"Nov 28, 2019 0:00",1.09988,1.10176,1.09981,1.10069,8.1,0.0007
"Nov 27, 2019 0:00",1.10196,1.10243,1.09922,1.09989,-20.7,-0.19%
"Nov 26, 2019 0:00",1.10133,1.10254,1.10071,1.10219,8.6,0.0008
"Nov 25, 2019 0:00",1.10164,1.10323,1.10037,1.10118,-4.6,-0.04%
"Nov 22, 2019 0:00",1.10585,1.10873,1.10146,1.10201,-38.4,-0.35%
"Nov 21, 2019 0:00",1.10722,1.10969,1.10521,1.10585,-13.7,-0.12%
"Nov 20, 2019 0:00",1.1078,1.10816,1.1053,1.10723,-5.7,-0.05%
"Nov 19, 2019 0:00",1.10715,1.1084,1.10625,1.10781,6.6,0.0006
"Nov 18, 2019 0:00",1.10479,1.109,1.10479,1.10723,24.4,0.0022
"Nov 15, 2019 0:00",1.10225,1.10567,1.10144,1.10518,29.3,0.0027
"Nov 14, 2019 0:00",1.10054,1.10274,1.09889,1.10206,15.2,0.0014
"Nov 13, 2019 0:00",1.10084,1.10201,1.0995,1.10066,-1.8,-0.02%
"Nov 12, 2019 0:00",1.10328,1.10388,1.10026,1.10091,-23.7,-0.22%
"Nov 11, 2019 0:00",1.10225,1.1043,1.10164,1.1033,10.5,0.001
"Nov 08, 2019 0:00",1.10492,1.10554,1.10167,1.10192,-30,-0.27%
"Nov 07, 2019 0:00",1.10654,1.10913,1.10357,1.10498,-15.6,-0.14%
"Nov 06, 2019 0:00",1.1074,1.10928,1.1065,1.10664,-7.6,-0.07%
"Nov 05, 2019 0:00",1.11274,1.11405,1.10637,1.10739,-53.5,-0.48%
"Nov 04, 2019 0:00",1.11677,1.11752,1.11244,1.11281,-39.6,-0.36%
"Nov 01, 2019 0:00",1.11511,1.11719,1.11282,1.11642,13.1,0.0012
"Oct 31, 2019 0:00",1.11497,1.11755,1.11313,1.11512,1.5,0.0001
"Oct 30, 2019 0:00",1.11117,1.11515,1.10799,1.11498,38.1,0.0034
"Oct 29, 2019 0:00",1.10995,1.11186,1.10735,1.11108,11.3,0.001
"Oct 28, 2019 0:00",1.10795,1.11068,1.10756,1.10998,20.3,0.0018
"Oct 25, 2019 0:00",1.11037,1.11231,1.10731,1.10796,-24.1,-0.22%
"Oct 24, 2019 0:00",1.11301,1.11625,1.10929,1.11047,-25.4,-0.23%
"Oct 23, 2019 0:00",1.11245,1.11401,1.1106,1.11299,5.4,0.0005
"Oct 22, 2019 0:00",1.11491,1.11568,1.11178,1.11246,-24.5,-0.22%
"Oct 21, 2019 0:00",1.11603,1.11792,1.11386,1.11495,-10.8,-0.10%
"Oct 18, 2019 0:00",1.11238,1.11704,1.11144,1.11704,46.6,0.0042
"Oct 17, 2019 0:00",1.10714,1.114,1.10652,1.11244,53,0.0048
"Oct 16, 2019 0:00",1.10324,1.10853,1.10222,1.10716,39.2,0.0035
"Oct 15, 2019 0:00",1.10272,1.10463,1.09915,1.10324,5.2,0.0005
"Oct 14, 2019 0:00",1.10315,1.10429,1.1013,1.1026,-5.5,-0.05%
"Oct 11, 2019 0:00",1.10049,1.10625,1.10005,1.1035,30.1,0.0027
"Oct 10, 2019 0:00",1.09707,1.10338,1.09703,1.10056,34.9,0.0032
"Oct 09, 2019 0:00",1.09557,1.09904,1.09503,1.0971,15.3,0.0014
"Oct 08, 2019 0:00",1.09699,1.09958,1.0941,1.09555,-14.4,-0.13%
"Oct 07, 2019 0:00",1.09799,1.10007,1.09619,1.09703,-9.6,-0.09%
"Oct 04, 2019 0:00",1.09629,1.0998,1.09567,1.09767,13.8,0.0013
"Oct 03, 2019 0:00",1.09591,1.09994,1.09412,1.09638,4.7,0.0004
"Oct 02, 2019 0:00",1.09318,1.09636,1.09041,1.0959,27.2,0.0025
"Oct 01, 2019 0:00",1.0896,1.09427,1.08789,1.09316,35.6,0.0033
"Sep 30, 2019 0:00",1.09423,1.0948,1.08848,1.08994,-42.9,-0.39%
"Sep 27, 2019 0:00",1.0921,1.09586,1.09046,1.09408,19.8,0.0018
"Sep 26, 2019 0:00",1.09421,1.09674,1.09089,1.09197,-22.4,-0.21%
"Sep 25, 2019 0:00",1.10196,1.1023,1.09375,1.09428,-76.8,-0.70%
"Sep 24, 2019 0:00",1.09931,1.10241,1.09839,1.10202,27.1,0.0025
"Sep 23, 2019 0:00",1.10037,1.10252,1.09657,1.09926,-11.1,-0.10%
"Sep 20, 2019 0:00",1.10407,1.10679,1.09965,1.10196,-21.1,-0.19%
"Sep 19, 2019 0:00",1.10292,1.10735,1.10231,1.10405,11.3,0.001
"Sep 18, 2019 0:00",1.10716,1.10754,1.10134,1.10289,-42.7,-0.39%
"Sep 17, 2019 0:00",1.09977,1.10746,1.09905,1.1072,74.3,0.0067
"Sep 16, 2019 0:00",1.10729,1.10862,1.09933,1.10038,-69.1,-0.63%
"Sep 13, 2019 0:00",1.10638,1.11092,1.10551,1.10757,11.9,0.0011
"Sep 12, 2019 0:00",1.10099,1.10873,1.0927,1.10637,53.8,0.0049
"Sep 11, 2019 0:00",1.10432,1.10556,1.09855,1.10108,-32.4,-0.29%
"Sep 10, 2019 0:00",1.10471,1.10595,1.10306,1.10426,-4.5,-0.04%
"Sep 09, 2019 0:00",1.10229,1.10683,1.10158,1.10464,23.5,0.0021
"Sep 06, 2019 0:00",1.10343,1.10572,1.10202,1.1025,-9.3,-0.08%
"Sep 05, 2019 0:00",1.10351,1.10845,1.10165,1.10341,-1,-0.01%
"Sep 04, 2019 0:00",1.09735,1.10381,1.09682,1.10341,60.6,0.0055
"Sep 03, 2019 0:00",1.09661,1.09788,1.0926,1.09732,7.1,0.0006
"Sep 02, 2019 0:00",1.09896,1.09966,1.09579,1.09664,-23.2,-0.21%
"Aug 30, 2019 0:00",1.10564,1.10604,1.09633,1.09938,-62.6,-0.57%
"Aug 29, 2019 0:00",1.107,1.10931,1.10419,1.10562,-13.8,-0.12%
"Aug 28, 2019 0:00",1.10894,1.10978,1.10731,1.10775,-11.9,-0.11%
"Aug 27, 2019 0:00",1.11006,1.11158,1.10855,1.10899,-10.7,-0.10%
"Aug 26, 2019 0:00",1.11497,1.11641,1.10941,1.10992,-50.5,-0.45%
"Aug 23, 2019 0:00",1.1079,1.11535,1.1052,1.11452,66.2,0.0059
"Aug 22, 2019 0:00",1.10839,1.1113,1.10634,1.10789,-5,-0.05%
"Aug 21, 2019 0:00",1.10989,1.1107,1.10797,1.1084,-14.9,-0.13%
"Aug 20, 2019 0:00",1.10773,1.11067,1.10656,1.11002,22.9,0.0021
"Aug 19, 2019 0:00",1.10924,1.11141,1.10762,1.10781,-14.3,-0.13%
"Aug 16, 2019 0:00",1.11065,1.11122,1.10665,1.10893,-17.2,-0.16%
"Aug 15, 2019 0:00",1.11377,1.11587,1.10916,1.11093,-28.4,-0.26%
"Aug 14, 2019 0:00",1.11703,1.11906,1.11306,1.11382,-32.1,-0.29%
"Aug 13, 2019 0:00",1.12131,1.12287,1.11702,1.11711,-42,-0.38%
"Aug 12, 2019 0:00",1.11976,1.12307,1.11619,1.12134,15.8,0.0014
"Aug 09, 2019 0:00",1.11793,1.12227,1.11779,1.12006,21.3,0.0019
"Aug 08, 2019 0:00",1.12003,1.12327,1.11769,1.11794,-20.9,-0.19%
"Aug 07, 2019 0:00",1.11969,1.1242,1.11792,1.11994,2.5,0.0002
"Aug 06, 2019 0:00",1.12028,1.12495,1.11676,1.12015,-1.3,-0.01%
"Aug 05, 2019 0:00",1.11002,1.12131,1.10981,1.12027,102.5,0.0091
"Aug 02, 2019 0:00",1.10847,1.11164,1.10699,1.11049,20.2,0.0018
"Aug 01, 2019 0:00",1.10756,1.10958,1.1027,1.10849,9.3,0.0008
"Jul 31, 2019 0:00",1.11538,1.1162,1.10601,1.10763,-77.5,-0.70%
"Jul 30, 2019 0:00",1.11447,1.11611,1.11322,1.11557,11,0.001
"Jul 29, 2019 0:00",1.11237,1.1151,1.1113,1.11451,21.4,0.0019
"Jul 26, 2019 0:00",1.11464,1.11508,1.11119,1.11266,-19.8,-0.18%
"Jul 25, 2019 0:00",1.11399,1.11878,1.11015,1.11462,6.3,0.0006
"Jul 24, 2019 0:00",1.11511,1.11555,1.11266,1.11387,-12.4,-0.11%
"Jul 23, 2019 0:00",1.12079,1.12093,1.11457,1.11507,-57.2,-0.51%
"Jul 22, 2019 0:00",1.12146,1.12255,1.12064,1.12085,-6.1,-0.05%
"Jul 19, 2019 0:00",1.12758,1.12818,1.12031,1.12196,-56.2,-0.50%
"Jul 18, 2019 0:00",1.12235,1.12806,1.12054,1.1277,53.5,0.0047
"Jul 17, 2019 0:00",1.12094,1.12332,1.11994,1.12245,15.1,0.0013
"Jul 16, 2019 0:00",1.12573,1.12634,1.12019,1.12093,-48,-0.43%
"Jul 15, 2019 0:00",1.12669,1.12836,1.12531,1.12574,-9.5,-0.08%
"Jul 12, 2019 0:00",1.12534,1.12747,1.12381,1.12698,16.4,0.0015
"Jul 11, 2019 0:00",1.12503,1.12857,1.12451,1.12544,4.1,0.0004
"Jul 10, 2019 0:00",1.12077,1.12638,1.12019,1.12503,42.6,0.0038
"Jul 09, 2019 0:00",1.12139,1.1219,1.11937,1.12076,-6.3,-0.06%
"Jul 08, 2019 0:00",1.12215,1.12341,1.12067,1.12139,-7.6,-0.07%
"Jul 05, 2019 0:00",1.12834,1.12877,1.12074,1.12259,-57.5,-0.51%

























































































































































